GROUP,PACKAGE,CLASS,INSTRUCTION_MISSED,INSTRUCTION_COVERED,BRANCH_MISSED,BRANCH_COVERED,LINE_MISSED,LINE_COVERED,COMPLEXITY_MISSED,COMPLEXITY_COVERED,METHOD_MISSED,METHOD_COVERED
ims,com.qa.ims.exceptions,CustomerNotFoundException,3,0,0,0,1,0,1,0,1,0
ims,com.qa.ims.controller,ItemController,0,110,0,2,0,29,0,7,0,6
ims,com.qa.ims.controller,Action,98,0,4,0,19,0,7,0,5,0
ims,com.qa.ims.controller,CustomerController,0,109,0,2,0,29,0,7,0,6
ims,com.qa.ims.controller,OrderController,29,181,5,7,7,47,5,8,0,6
ims,com.qa.ims,IMS,149,0,17,0,48,0,18,0,6,0
ims,com.qa.ims,Runner,16,0,0,0,6,0,3,0,3,0
ims,com.qa.ims.persistence.dao,CustomerDAO,57,176,0,2,21,46,0,10,0,9
ims,com.qa.ims.persistence.dao,OrderDAO,102,294,0,4,39,75,2,17,2,15
ims,com.qa.ims.persistence.dao,ItemDAO,57,177,0,2,21,46,0,10,0,9
ims,com.qa.ims.utils,DBUtils,26,152,1,3,10,32,2,12,1,11
ims,com.qa.ims.utils,Utils,59,3,4,0,25,1,7,1,5,1
ims,com.qa.ims.persistence.domain,Order,76,126,2,16,13,30,9,16,8,8
ims,com.qa.ims.persistence.domain,Domain,88,0,2,0,17,0,6,0,5,0
ims,com.qa.ims.persistence.domain,Item,0,178,0,30,0,48,0,26,0,11
ims,com.qa.ims.persistence.domain,Customer,0,176,0,30,0,48,0,26,0,11
